{
    "camera_matrix": [
        [
            127.01794355133495,
            0.0,
            97.48221807028696
        ],
        [
            0.0,
            126.9569499131192,
            101.56844672451034
        ],
        [
            0.0,
            0.0,
            1.0
        ]
    ],
    "dist_coeff": [
        [
            -0.10060237013732572,
            -0.15188797045217614,
            0.0009562576409102434,
            -0.004886256805686288,
            0.1019560097811537
        ]
    ]
}